gene,n_reactions,enzymes,reactions
accC,1,biotin carboxylase,a [biotin carboxyl-carrier-protein dimer]-N6-biotinyl-L-lysine + hydrogen carbonate + ATP  ->  a [carboxyl-carrier protein dimer]-N6-carboxybiotinyl-L-lysine + ADP + phosphate + H+
ackA,2,acetate kinase; phosphoribosylglycinamide formyltransferase 2; propionate kinase,ATP + propanoate  <-->  ADP + propanoyl phosphate || acetate + ATP  <-->  acetyl phosphate + ADP
acs,2,acetyl-CoA synthetase (AMP-forming); propionyl-CoA synthetase,coenzyme A + acetate + ATP  <-->  acetyl-CoA + AMP + diphosphate || coenzyme A + propanoate + ATP  ->  propanoyl-CoA + AMP + diphosphate
adk,7,adenylate kinase; nucleoside diphosphate kinase,AMP + ATP  <-->  2 ADP || CDP + ATP  ->  CTP + ADP || GDP + ATP  ->  GTP + ADP || UDP + ATP  ->  UTP + ADP || dCDP + ATP  ->  dCTP + ADP || dGDP + ATP  ->  dGTP + ADP || dTDP + ATP  ->  dTTP + ADP
alaS,4,2; 3-dihydroxybenzoate-[aryl-carrier protein] ligase; <i>holo<; DNA-binding transcriptional repressor; alanine&mdash; holo [EntF peptidyl-carrier protein]; holo-EntB dimer; i> [EntF peptidyl-carrier protein]; phosphopantetheinyl transferase EntD; proline&mdash; serine&mdash; tRNA ligase; threonine&mdash,L-alanine + ATP + H+  ->  (L-alanyl)adenylate + diphosphate || L-serine + ATP + H+  ->  (L-seryl)adenylate + diphosphate || glycine + ATP  =  (glycyl)adenylate + diphosphate || tRNAAla + L-alanine + ATP  ->  L-alanyl-[tRNAAla] + AMP + diphosphate
allK,2,carbamoyl-phosphate synthetase; catabolic carbamate kinase; glutamine-hydrolyzing,ammonium + hydrogen carbonate + ATP  <-->  carbamoyl phosphate + ADP + H2O + H+ || carbamate + ATP  <-->  carbamoyl phosphate + ADP
alsK,1,D-allose kinase,D-allopyranose + ATP  ->  aldehydo-D-allose 6-phosphate + ADP + H+
anmK,1,anhydro-<i>N<; i>-acetylmuramic acid kinase,"1,6-anhydro-N-acetyl-beta-D-muramate + ATP + H2O  ->  N-acetyl-D-muramate 6-phosphate + ADP + H+"
araB,1,ribulokinase,L-ribulose + ATP  ->  L-ribulose 5-phosphate + ADP + H+
arcB,1,bifunctional sensor histidine kinase PhoQ; high-affinity pyruvate receptor; histidine kinase GlrK; histidine kinase RcsC; protein histidine kinase NtrB; sensor histidine kinase ArcB; sensor histidine kinase AtoS; sensor histidine kinase BaeS; sensor histidine kinase BarA; sensor histidine kinase BasS; sensor histidine kinase CreC; sensor histidine kinase DcuS; sensor histidine kinase DpiB; sensor histidine kinase EnvZ; sensor histidine kinase EvgS; sensor histidine kinase HprS; sensor histidine kinase NarQ; sensor histidine kinase NarX; sensor histidine kinase PhoR; sensor histidine kinase PyrS; sensor histidine kinase QseC; sensor histidine kinase RstB; sensor histidine kinase TorS; sensor histidine kinase UhpB; sensor histidine kinase ZraS; serine histidine kinase KdpD,a [protein]-L-histidine + ATP  ->  a [protein]-N-phospho-L-histidine + ADP + H+
argB,1,acetylglutamate kinase,N-acetyl-L-glutamate + ATP  ->  N-acetylglutamyl-phosphate + ADP
argG,1,argininosuccinate synthetase,L-aspartate + L-citrulline + ATP  ->  L-arginino-succinate + AMP + diphosphate + H+
argS,2,arginine&mdash; tRNA ligase,L-arginine + ATP + H+  ->  (L-arginyl)adenylate + diphosphate || tRNAArg + L-arginine + ATP  ->  L-arginyl-[tRNAArg] + AMP + diphosphate
aroK,1,shikimate kinase 1; shikimate kinase 2,shikimate + ATP  ->  shikimate 3-phosphate + ADP + H+
aroL,1,shikimate kinase 1; shikimate kinase 2,shikimate + ATP  ->  shikimate 3-phosphate + ADP + H+
asnA,1,asparagine synthetase A; asparagine synthetase B,L-aspartate + ammonium + ATP  ->  L-asparagine + AMP + diphosphate + H+
asnB,3,asparagine synthetase A; asparagine synthetase B,ATP + L-aspartate + ammonia  ->  AMP + L-asparagine + diphosphate || L-aspartate + ammonium + ATP  ->  L-asparagine + AMP + diphosphate + H+ || L-glutamine + L-aspartate + ATP + H2O  ->  L-glutamate + L-asparagine + AMP + diphosphate + H+
aspS,3,aspartate&mdash; tRNA ligase,D-aspartate + ATP + H+  ->  (D-aspartyl)adenylate + diphosphate || L-aspartate + ATP + H+  ->  (L-aspartyl)adenylate + diphosphate || tRNAasp + L-aspartate + ATP  ->  L-aspartyl-[tRNAasp] + AMP + diphosphate
atoS,1,bifunctional sensor histidine kinase PhoQ; high-affinity pyruvate receptor; histidine kinase GlrK; histidine kinase RcsC; protein histidine kinase NtrB; sensor histidine kinase ArcB; sensor histidine kinase AtoS; sensor histidine kinase BaeS; sensor histidine kinase BarA; sensor histidine kinase BasS; sensor histidine kinase CreC; sensor histidine kinase DcuS; sensor histidine kinase DpiB; sensor histidine kinase EnvZ; sensor histidine kinase EvgS; sensor histidine kinase HprS; sensor histidine kinase NarQ; sensor histidine kinase NarX; sensor histidine kinase PhoR; sensor histidine kinase PyrS; sensor histidine kinase QseC; sensor histidine kinase RstB; sensor histidine kinase TorS; sensor histidine kinase UhpB; sensor histidine kinase ZraS; serine histidine kinase KdpD,a [protein]-L-histidine + ATP  ->  a [protein]-N-phospho-L-histidine + ADP + H+
baeS,1,bifunctional sensor histidine kinase PhoQ; high-affinity pyruvate receptor; histidine kinase GlrK; histidine kinase RcsC; protein histidine kinase NtrB; sensor histidine kinase ArcB; sensor histidine kinase AtoS; sensor histidine kinase BaeS; sensor histidine kinase BarA; sensor histidine kinase BasS; sensor histidine kinase CreC; sensor histidine kinase DcuS; sensor histidine kinase DpiB; sensor histidine kinase EnvZ; sensor histidine kinase EvgS; sensor histidine kinase HprS; sensor histidine kinase NarQ; sensor histidine kinase NarX; sensor histidine kinase PhoR; sensor histidine kinase PyrS; sensor histidine kinase QseC; sensor histidine kinase RstB; sensor histidine kinase TorS; sensor histidine kinase UhpB; sensor histidine kinase ZraS; serine histidine kinase KdpD,a [protein]-L-histidine + ATP  ->  a [protein]-N-phospho-L-histidine + ADP + H+
barA,1,bifunctional sensor histidine kinase PhoQ; high-affinity pyruvate receptor; histidine kinase GlrK; histidine kinase RcsC; protein histidine kinase NtrB; sensor histidine kinase ArcB; sensor histidine kinase AtoS; sensor histidine kinase BaeS; sensor histidine kinase BarA; sensor histidine kinase BasS; sensor histidine kinase CreC; sensor histidine kinase DcuS; sensor histidine kinase DpiB; sensor histidine kinase EnvZ; sensor histidine kinase EvgS; sensor histidine kinase HprS; sensor histidine kinase NarQ; sensor histidine kinase NarX; sensor histidine kinase PhoR; sensor histidine kinase PyrS; sensor histidine kinase QseC; sensor histidine kinase RstB; sensor histidine kinase TorS; sensor histidine kinase UhpB; sensor histidine kinase ZraS; serine histidine kinase KdpD,a [protein]-L-histidine + ATP  ->  a [protein]-N-phospho-L-histidine + ADP + H+
basS,1,bifunctional sensor histidine kinase PhoQ; high-affinity pyruvate receptor; histidine kinase GlrK; histidine kinase RcsC; protein histidine kinase NtrB; sensor histidine kinase ArcB; sensor histidine kinase AtoS; sensor histidine kinase BaeS; sensor histidine kinase BarA; sensor histidine kinase BasS; sensor histidine kinase CreC; sensor histidine kinase DcuS; sensor histidine kinase DpiB; sensor histidine kinase EnvZ; sensor histidine kinase EvgS; sensor histidine kinase HprS; sensor histidine kinase NarQ; sensor histidine kinase NarX; sensor histidine kinase PhoR; sensor histidine kinase PyrS; sensor histidine kinase QseC; sensor histidine kinase RstB; sensor histidine kinase TorS; sensor histidine kinase UhpB; sensor histidine kinase ZraS; serine histidine kinase KdpD,a [protein]-L-histidine + ATP  ->  a [protein]-N-phospho-L-histidine + ADP + H+
bidA,2,dethiobiotin synthetase; dethiobiotin synthetase BidA,"(7R,8S)-8-amino-7-(carboxyamino)nonanoate + ATP  ->  dethiobiotin + ADP + phosphate + H+ || CO2 + (7R,8S)-diaminononanoate + ATP  ->  dethiobiotin + ADP + phosphate + 3 H+"
bioD,2,dethiobiotin synthetase; dethiobiotin synthetase BidA,"(7R,8S)-8-amino-7-(carboxyamino)nonanoate + ATP  ->  dethiobiotin + ADP + phosphate + H+ || CO2 + (7R,8S)-diaminononanoate + ATP  ->  dethiobiotin + ADP + phosphate + 3 H+"
birA,2,DNA-binding transcriptional repressor; biotin-[acetyl-CoA-carboxylase] ligase BirA,ATP + biotin + H+  ->  biotinyl-5'-adenylate + diphosphate || a [biotin carboxyl-carrier protein]-L-lysine + ATP + biotin  ->  AMP + a [biotin carboxyl-carrier protein]-N6-biotinyl-L-lysine + diphosphate + H+
btsS,1,bifunctional sensor histidine kinase PhoQ; high-affinity pyruvate receptor; histidine kinase GlrK; histidine kinase RcsC; protein histidine kinase NtrB; sensor histidine kinase ArcB; sensor histidine kinase AtoS; sensor histidine kinase BaeS; sensor histidine kinase BarA; sensor histidine kinase BasS; sensor histidine kinase CreC; sensor histidine kinase DcuS; sensor histidine kinase DpiB; sensor histidine kinase EnvZ; sensor histidine kinase EvgS; sensor histidine kinase HprS; sensor histidine kinase NarQ; sensor histidine kinase NarX; sensor histidine kinase PhoR; sensor histidine kinase PyrS; sensor histidine kinase QseC; sensor histidine kinase RstB; sensor histidine kinase TorS; sensor histidine kinase UhpB; sensor histidine kinase ZraS; serine histidine kinase KdpD,a [protein]-L-histidine + ATP  ->  a [protein]-N-phospho-L-histidine + ADP + H+
btuR,2,cobalamin adenosyltransferase; cobinamide,2 ATP + 2 [corrinoid adenosyltranferase]-cob(I)inamide + 2 H+  ->  2 adenosylcobinamide + 2 triphosphate + 2 [corrinoid adenosyltransferase] || cob(I)alamin-[corrinoid adenosyltranferase] + ATP + H+  ->  adenosylcob(III)alamin-[corrinoid adenosyltranferase] + triphosphate
caiC,1,CoA ligase; carnitine&mdash,coenzyme A + L-carnitine + ATP  ->  (R)-carnitinyl-CoA + AMP + diphosphate
carA,2,carbamoyl-phosphate synthetase; glutamine-hydrolyzing,2 ATP + L-glutamine + hydrogen carbonate + H2O  ->  carbamoyl phosphate + L-glutamate + 2 ADP + phosphate + 2 H+ || 2 ATP + hydrogen carbonate + ammonia  ->  2 ADP + carbamoyl phosphate + phosphate + H+
carB,2,carbamoyl-phosphate synthetase; glutamine-hydrolyzing,2 ATP + L-glutamine + hydrogen carbonate + H2O  ->  carbamoyl phosphate + L-glutamate + 2 ADP + phosphate + 2 H+ || 2 ATP + hydrogen carbonate + ammonia  ->  2 ADP + carbamoyl phosphate + phosphate + H+
ccmA,1,CcmAB,ATP + CcmAB complex + heme(III)-bound CcmCDE complex  ->  CcmABCD complex + heme(III)-bound CcmE protein + ADP + phosphate
ccmB,1,CcmAB,ATP + CcmAB complex + heme(III)-bound CcmCDE complex  ->  CcmABCD complex + heme(III)-bound CcmE protein + ADP + phosphate
citC,1,citrate lyase synthetase,holo [citrate lyase acyl-carrier protein] + acetate + ATP  ->  acetyl-holo [citrate lyase acyl-carrier protein] + AMP + diphosphate
citG,1,triphosphoribosyl-dephospho-CoA synthase,3'-dephospho-CoA + ATP  ->  2'-(5''-triphospho-alpha-D-ribosyl)-3'-dephospho-CoA + adenine
cmk,2,cytidylate kinase,ATP + CMP  <-->  ADP + CDP || ATP + dCMP  ->  ADP + dCDP
coaA,2,pantothenate kinase,(R)-pantothenate + ATP  ->  (R)-4'-phosphopantothenate + ADP + H+ || pantetheine + ATP  ->  ADP + 4'-phosphopantetheine + H+
coaD,1,pantetheine-phosphate adenylyltransferase,ATP + 4'-phosphopantetheine + H+  ->  3'-dephospho-CoA + diphosphate
coaE,1,dephospho-CoA kinase,3'-dephospho-CoA + ATP  ->  coenzyme A + ADP + H+
cobU,1,cobinamide kinase; cobinamide-P guanylyltransferase,adenosylcobinamide + ATP  ->  adenosyl-cobinamide phosphate + ADP + H+
cpxA,1,sensor histidine kinase CpxA,a [protein]-L-histidine + ATP  ->  a [protein]-Ntau-phospho-L-histidine + ADP + H+
creC,1,bifunctional sensor histidine kinase PhoQ; high-affinity pyruvate receptor; histidine kinase GlrK; histidine kinase RcsC; protein histidine kinase NtrB; sensor histidine kinase ArcB; sensor histidine kinase AtoS; sensor histidine kinase BaeS; sensor histidine kinase BarA; sensor histidine kinase BasS; sensor histidine kinase CreC; sensor histidine kinase DcuS; sensor histidine kinase DpiB; sensor histidine kinase EnvZ; sensor histidine kinase EvgS; sensor histidine kinase HprS; sensor histidine kinase NarQ; sensor histidine kinase NarX; sensor histidine kinase PhoR; sensor histidine kinase PyrS; sensor histidine kinase QseC; sensor histidine kinase RstB; sensor histidine kinase TorS; sensor histidine kinase UhpB; sensor histidine kinase ZraS; serine histidine kinase KdpD,a [protein]-L-histidine + ATP  ->  a [protein]-N-phospho-L-histidine + ADP + H+
cusS,1,sensor histidine kinase CusS,ATP + a [protein]-L-histidine  ->  a [protein]-Npi-phospho-L-histidine + ADP + H+
cyaA,1,adenylate cyclase,ATP  ->  cyclic-AMP + diphosphate
cysC,1,adenylyl-sulfate kinase,adenosine 5'-phosphosulfate + ATP  ->  3'-phosphoadenylyl-sulfate + ADP + H+
cysD,1,sulfate adenylyltransferase,sulfate + ATP + H+  ->  adenosine 5'-phosphosulfate + diphosphate
cysN,1,sulfate adenylyltransferase,sulfate + ATP + H+  ->  adenosine 5'-phosphosulfate + diphosphate
cysS,2,cysteine&mdash; proline&mdash; tRNA ligase,L-cysteine + ATP + H+  ->  (L-cysteinyl)adenylate + diphosphate || tRNACys + L-cysteine + ATP  ->  L-cysteinyl-[tRNACys] + AMP + diphosphate
dcuS,1,bifunctional sensor histidine kinase PhoQ; high-affinity pyruvate receptor; histidine kinase GlrK; histidine kinase RcsC; protein histidine kinase NtrB; sensor histidine kinase ArcB; sensor histidine kinase AtoS; sensor histidine kinase BaeS; sensor histidine kinase BarA; sensor histidine kinase BasS; sensor histidine kinase CreC; sensor histidine kinase DcuS; sensor histidine kinase DpiB; sensor histidine kinase EnvZ; sensor histidine kinase EvgS; sensor histidine kinase HprS; sensor histidine kinase NarQ; sensor histidine kinase NarX; sensor histidine kinase PhoR; sensor histidine kinase PyrS; sensor histidine kinase QseC; sensor histidine kinase RstB; sensor histidine kinase TorS; sensor histidine kinase UhpB; sensor histidine kinase ZraS; serine histidine kinase KdpD,a [protein]-L-histidine + ATP  ->  a [protein]-N-phospho-L-histidine + ADP + H+
ddlA,1,D-alanine ligase A; D-alanine ligase B; D-alanine&mdash,2 D-alanine + ATP  ->  D-alanyl-D-alanine + ADP + phosphate + H+
ddlB,1,D-alanine ligase A; D-alanine ligase B; D-alanine&mdash,2 D-alanine + ATP  ->  D-alanyl-D-alanine + ADP + phosphate + H+
dgkA,1,diacylglycerol kinase,"ATP + a 1,2-diacyl-sn-glycerol  ->  a phosphatidate + ADP + H+"
dgoK,1,2-dehydro-3-deoxygalactonokinase,2-dehydro-3-deoxy-D-galactonate + ATP  ->  2-dehydro-3-deoxy-D-galactonate 6-phosphate + ADP + H+
dpiB,1,bifunctional sensor histidine kinase PhoQ; high-affinity pyruvate receptor; histidine kinase GlrK; histidine kinase RcsC; protein histidine kinase NtrB; sensor histidine kinase ArcB; sensor histidine kinase AtoS; sensor histidine kinase BaeS; sensor histidine kinase BarA; sensor histidine kinase BasS; sensor histidine kinase CreC; sensor histidine kinase DcuS; sensor histidine kinase DpiB; sensor histidine kinase EnvZ; sensor histidine kinase EvgS; sensor histidine kinase HprS; sensor histidine kinase NarQ; sensor histidine kinase NarX; sensor histidine kinase PhoR; sensor histidine kinase PyrS; sensor histidine kinase QseC; sensor histidine kinase RstB; sensor histidine kinase TorS; sensor histidine kinase UhpB; sensor histidine kinase ZraS; serine histidine kinase KdpD,a [protein]-L-histidine + ATP  ->  a [protein]-N-phospho-L-histidine + ADP + H+
entB,2,2; 3-dihydroxybenzoate-[aryl-carrier protein] ligase; <i>holo<; DNA-binding transcriptional repressor; alanine&mdash; holo [EntF peptidyl-carrier protein]; holo-EntB dimer; i> [EntF peptidyl-carrier protein]; phosphopantetheinyl transferase EntD; serine&mdash; tRNA ligase; threonine&mdash,"6 ATP + 3 L-serine + 3 2,3-dihydroxybenzoate  ->  6 AMP + enterobactin + 6 diphosphate + 3 H+ || L-serine + ATP + H+  ->  (L-seryl)adenylate + diphosphate"
entD,2,2; 3-dihydroxybenzoate-[aryl-carrier protein] ligase; <i>holo<; DNA-binding transcriptional repressor; alanine&mdash; holo [EntF peptidyl-carrier protein]; holo-EntB dimer; i> [EntF peptidyl-carrier protein]; phosphopantetheinyl transferase EntD; serine&mdash; tRNA ligase; threonine&mdash,"6 ATP + 3 L-serine + 3 2,3-dihydroxybenzoate  ->  6 AMP + enterobactin + 6 diphosphate + 3 H+ || L-serine + ATP + H+  ->  (L-seryl)adenylate + diphosphate"
entE,4,2; 3-dihydroxybenzoate-[aryl-carrier protein] ligase; <i>holo<; DNA-binding transcriptional repressor; alanine&mdash; holo [EntF peptidyl-carrier protein]; holo-EntB dimer; i> [EntF peptidyl-carrier protein]; lysine&mdash; phosphopantetheinyl transferase EntD; serine&mdash; tRNA ligase; threonine&mdash,"2 ATP + H+  ->  P1,P4-bis(5'-adenosyl) tetraphosphate + diphosphate || 6 ATP + 3 L-serine + 3 2,3-dihydroxybenzoate  ->  6 AMP + enterobactin + 6 diphosphate + 3 H+ || ATP + 2,3-dihydroxybenzoate + H+  ->  (2,3-dihydroxybenzoyl)adenylate + diphosphate || L-serine + ATP + H+  ->  (L-seryl)adenylate + diphosphate"
entF,2,2; 3-dihydroxybenzoate-[aryl-carrier protein] ligase; <i>holo<; DNA-binding transcriptional repressor; alanine&mdash; holo [EntF peptidyl-carrier protein]; holo-EntB dimer; i> [EntF peptidyl-carrier protein]; phosphopantetheinyl transferase EntD; serine&mdash; tRNA ligase; threonine&mdash,"6 ATP + 3 L-serine + 3 2,3-dihydroxybenzoate  ->  6 AMP + enterobactin + 6 diphosphate + 3 H+ || L-serine + ATP + H+  ->  (L-seryl)adenylate + diphosphate"
envZ,1,bifunctional sensor histidine kinase PhoQ; high-affinity pyruvate receptor; histidine kinase GlrK; histidine kinase RcsC; protein histidine kinase NtrB; sensor histidine kinase ArcB; sensor histidine kinase AtoS; sensor histidine kinase BaeS; sensor histidine kinase BarA; sensor histidine kinase BasS; sensor histidine kinase CreC; sensor histidine kinase DcuS; sensor histidine kinase DpiB; sensor histidine kinase EnvZ; sensor histidine kinase EvgS; sensor histidine kinase HprS; sensor histidine kinase NarQ; sensor histidine kinase NarX; sensor histidine kinase PhoR; sensor histidine kinase PyrS; sensor histidine kinase QseC; sensor histidine kinase RstB; sensor histidine kinase TorS; sensor histidine kinase UhpB; sensor histidine kinase ZraS; serine histidine kinase KdpD,a [protein]-L-histidine + ATP  ->  a [protein]-N-phospho-L-histidine + ADP + H+
epmA,1,EF-P-lysine lysyltransferase,a [protein chain elongation factor P]-L-lysine34 + (R)-beta-lysine + ATP  ->  [a protein chain elongation factor EF-P]-N-(beta-L-lysyl)-L-lysine34 + AMP + diphosphate + H+
etk,1,protein-tyrosine kinase Etk; protein-tyrosine kinase Wzc,ATP + a [protein]-L-tyrosine  ->  ADP + a [protein]-L-tyrosine phosphate + H+
evgS,1,bifunctional sensor histidine kinase PhoQ; high-affinity pyruvate receptor; histidine kinase GlrK; histidine kinase RcsC; protein histidine kinase NtrB; sensor histidine kinase ArcB; sensor histidine kinase AtoS; sensor histidine kinase BaeS; sensor histidine kinase BarA; sensor histidine kinase BasS; sensor histidine kinase CreC; sensor histidine kinase DcuS; sensor histidine kinase DpiB; sensor histidine kinase EnvZ; sensor histidine kinase EvgS; sensor histidine kinase HprS; sensor histidine kinase NarQ; sensor histidine kinase NarX; sensor histidine kinase PhoR; sensor histidine kinase PyrS; sensor histidine kinase QseC; sensor histidine kinase RstB; sensor histidine kinase TorS; sensor histidine kinase UhpB; sensor histidine kinase ZraS; serine histidine kinase KdpD,a [protein]-L-histidine + ATP  ->  a [protein]-N-phospho-L-histidine + ADP + H+
fau,1,5-formyltetrahydrofolate cyclo-ligase,"a (6S)-5-formyltetrahydrofolate + ATP  ->  a 5,10-methenyltetrahydrofolate + ADP + phosphate"
folC,4,-glutamate synthetase; bifunctional folylpolyglutamate synthetase; dihydrofolate synthetase; folylpoly-&alpha,"10-formyl-tetrahydropteroyl-[gamma-Glu](n) + L-glutamate + ATP  ->  10-formyl-tetrahydropteroyl-[gamma-Glu](n+1) + ADP + phosphate || L-glutamate + 7,8-dihydropteroate + ATP  ->  ADP + 7,8-dihydrofolate monoglutamate + phosphate + H+ || methylene-tetrahydropteroyl-[gamma-Glu](n) + L-glutamate + ATP  ->  methylene-tetrahydropteroyl-[gamma-Glu](n+1) + ADP + phosphate || tetrahydropteroyl-[gamma-Glu](n) + L-glutamate + ATP  ->  tetrahydropteroyl-[gamma-Glu](n+1) + ADP + phosphate"
folK,1,2-amino-4-hydroxy-6-hydroxymethyldihydropteridine diphosphokinase,"6-(hydroxymethyl)-7,8-dihydropterin + ATP  ->  (7,8-dihydropterin-6-yl)methyl diphosphate + AMP + H+"
frlD,1,fructoselysine 6-kinase,N6-(1-deoxy-D-fructos-1-yl)-L-lysine + ATP  ->  N6-(1-deoxy-6-O-phospho-D-fructos-1-yl)-L-lysine + ADP + H+
fruK,1,1-phosphofructokinase,"ATP + beta-D-fructofuranose 1-phosphate  ->  ADP + beta-D-fructofuranose 1,6-bisphosphate + H+"
fucK,2,L-fuculokinase,D-ribulose + ATP  ->  D-ribulose 1-phosphate + ADP + H+ || L-fuculose + ATP  ->  L-fuculose 1-phosphate + ADP + H+
galK,1,galactokinase,alpha-D-galactopyranose + ATP  ->  alpha-D-galactose 1-phosphate + ADP + H+
garK,1,glycerate 2-kinase 1; glycerate 2-kinase 2,ATP + D-glycerate  ->  2-phospho-D-glycerate + ADP + H+
glgC,1,glucose-1-phosphate adenylyltransferase,alpha-D-glucopyranose 1-phosphate + ATP + H+  ->  ADP-alpha-D-glucose + diphosphate
glk,2,glucokinase,D-glucopyranose + ATP  ->  D-glucopyranose 6-phosphate + ADP + H+ || D-glucosamine + ATP  ->  D-glucosamine 6-phosphate + ADP + H+
glnA,1,glutamine synthetase,ammonium + L-glutamate + ATP  ->  L-glutamine + ADP + phosphate + H+
glnE,1,fused glutamine synthetase deadenylase; glutamine synthetase adenylyltransferase,a [glutamine-synthetase]-L-tyrosine + ATP  ->  a [glutamine synthetase]-O4-(5'-adenylyl)-L-tyrosine + diphosphate
glnL,1,bifunctional sensor histidine kinase PhoQ; high-affinity pyruvate receptor; histidine kinase GlrK; histidine kinase RcsC; protein histidine kinase NtrB; sensor histidine kinase ArcB; sensor histidine kinase AtoS; sensor histidine kinase BaeS; sensor histidine kinase BarA; sensor histidine kinase BasS; sensor histidine kinase CreC; sensor histidine kinase DcuS; sensor histidine kinase DpiB; sensor histidine kinase EnvZ; sensor histidine kinase EvgS; sensor histidine kinase HprS; sensor histidine kinase NarQ; sensor histidine kinase NarX; sensor histidine kinase PhoR; sensor histidine kinase PyrS; sensor histidine kinase QseC; sensor histidine kinase RstB; sensor histidine kinase TorS; sensor histidine kinase UhpB; sensor histidine kinase ZraS; serine histidine kinase KdpD,a [protein]-L-histidine + ATP  ->  a [protein]-N-phospho-L-histidine + ADP + H+
glnS,2,glutamine&mdash; tRNA ligase,L-glutamine + ATP + H+  ->  (L-glutaminyl)adenylate + diphosphate || tRNAGln + L-glutamine + ATP  ->  L-glutaminyl-[tRNAGln] + AMP + diphosphate
glpK,1,glycerol kinase,glycerol + ATP  ->  sn-glycerol 3-phosphate + ADP + H+
glrK,1,bifunctional sensor histidine kinase PhoQ; high-affinity pyruvate receptor; histidine kinase GlrK; histidine kinase RcsC; protein histidine kinase NtrB; sensor histidine kinase ArcB; sensor histidine kinase AtoS; sensor histidine kinase BaeS; sensor histidine kinase BarA; sensor histidine kinase BasS; sensor histidine kinase CreC; sensor histidine kinase DcuS; sensor histidine kinase DpiB; sensor histidine kinase EnvZ; sensor histidine kinase EvgS; sensor histidine kinase HprS; sensor histidine kinase NarQ; sensor histidine kinase NarX; sensor histidine kinase PhoR; sensor histidine kinase PyrS; sensor histidine kinase QseC; sensor histidine kinase RstB; sensor histidine kinase TorS; sensor histidine kinase UhpB; sensor histidine kinase ZraS; serine histidine kinase KdpD,a [protein]-L-histidine + ATP  ->  a [protein]-N-phospho-L-histidine + ADP + H+
gltX,2,glutamate&mdash; tRNA ligase,L-glutamate + ATP + H+  ->  (L-glutamyl)adenylate + diphosphate || tRNAglu + L-glutamate + ATP  ->  L-glutamyl-[tRNAGlu] + AMP + diphosphate
glxK,1,glycerate 2-kinase 1; glycerate 2-kinase 2,ATP + D-glycerate  ->  2-phospho-D-glycerate + ADP + H+
glyQ,1,glycine&mdash; tRNA ligase,tRNAGly + glycine + ATP  ->  glycyl-[tRNAGly] + AMP + diphosphate
glyS,1,glycine&mdash; tRNA ligase,tRNAGly + glycine + ATP  ->  glycyl-[tRNAGly] + AMP + diphosphate
gmk,2,guanylate kinase,ATP + dGMP  <-->  ADP + dGDP || GMP + ATP  <-->  GDP + ADP
gntK,1,D-gluconate kinase; thermosensitive; thermostable,ATP + D-gluconate  ->  ADP + D-gluconate 6-phosphate + H+
gshA,1,cysteine ligase; cysteine ligase 2; glutamate&mdash; putative glutamate&mdash,L-cysteine + L-glutamate + ATP  ->  gamma-L-glutamyl-L-cysteine + ADP + phosphate + H+
gshB,1,glutathione synthetase,glycine + gamma-L-glutamyl-L-cysteine + ATP  ->  ADP + glutathione + phosphate + H+
gsk,2,guanosine kinase; inosine,guanosine + ATP  ->  GMP + ADP + H+ || inosine + ATP  ->  IMP + ADP + H+
gss,1,fused glutathionylspermidine amidase; glutathionylspermidine synthetase,spermidine + ATP + glutathione  ->  glutathionylspermidine + ADP + phosphate + H+
guaA,2,GMP synthetase,L-glutamine + XMP + ATP + H2O  ->  L-glutamate + GMP + AMP + diphosphate + 2 H+ || XMP + ammonia + ATP  ->  GMP + AMP + diphosphate + H+
hisG,1,ATP phosphoribosyltransferase,1-(5-phospho-beta-D-ribosyl)-ATP + diphosphate  <-->  ATP + 5-phospho-alpha-D-ribose 1-diphosphate
hisI,1,phosphoribosyl-ATP pyrophosphatase; putative bifunctional phosphoribosyl-AMP cyclohydrolase,1-(5-phospho-beta-D-ribosyl)-ATP + H2O  ->  1-(5-phospho-beta-D-ribosyl)-AMP + diphosphate + H+
hisS,2,histidine--tRNA ligase,L-histidine + ATP + H+  ->  (L-histidyl)adenylate + diphosphate || tRNAHis + L-histidine + ATP  ->  L-histidyl-[tRNAHis] + AMP + diphosphate
hldE,2,fused heptose 7-phosphate kinase; heptose 1-phosphate adenyltransferase,"D-glycero-D-manno-heptose 7-phosphate + ATP  ->  D-glycero-beta-D-manno-heptose 1,7-bisphosphate + ADP + H+ || D-glycero-beta-D-manno-heptose 1-phosphate + ATP + H+  ->  ADP-D-glycero-beta-D-manno-heptose + diphosphate"
hprS,1,bifunctional sensor histidine kinase PhoQ; high-affinity pyruvate receptor; histidine kinase GlrK; histidine kinase RcsC; protein histidine kinase NtrB; sensor histidine kinase ArcB; sensor histidine kinase AtoS; sensor histidine kinase BaeS; sensor histidine kinase BarA; sensor histidine kinase BasS; sensor histidine kinase CreC; sensor histidine kinase DcuS; sensor histidine kinase DpiB; sensor histidine kinase EnvZ; sensor histidine kinase EvgS; sensor histidine kinase HprS; sensor histidine kinase NarQ; sensor histidine kinase NarX; sensor histidine kinase PhoR; sensor histidine kinase PyrS; sensor histidine kinase QseC; sensor histidine kinase RstB; sensor histidine kinase TorS; sensor histidine kinase UhpB; sensor histidine kinase ZraS; serine histidine kinase KdpD,a [protein]-L-histidine + ATP  ->  a [protein]-N-phospho-L-histidine + ADP + H+
hscA,1,[Fe-S] cluster biosynthesis chaperone; co-chaperone system,[IscU iron-sulfur cluster scaffold protein carrying a [2Fe-2S]+2 cluster] + apo-iron-sulfur protein + ATP + H2O  ->  [IscU iron-sulfur cluster scaffold protein] + holo-[2Fe-2S] cluster protein + ADP + phosphate
hscB,1,[Fe-S] cluster biosynthesis chaperone; co-chaperone system,[IscU iron-sulfur cluster scaffold protein carrying a [2Fe-2S]+2 cluster] + apo-iron-sulfur protein + ATP + H2O  ->  [IscU iron-sulfur cluster scaffold protein] + holo-[2Fe-2S] cluster protein + ADP + phosphate
hypD,1,Fe-(CN)<sub>2<; sub>CO cofactor assembly scaffold protein HypD,[HypC/HypD dimer]-Fe-CO2 + ATP + 2 reduced one electron carrier  ->  [HypC/HypD dimer]-Fe-CO + ADP + 2 oxidized electron carrier + phosphate + H+
hypE,1,carbamoyl dehydratase HypE,[HypE]-S-carboxamide + ATP  ->  [HypE]-S-cyanate + ADP + phosphate + H+
hypF,1,carbamoyl--[HypE] ligase,carbamoyl phosphate + ATP + H2O  ->  (O-carbamoyl)adenylate + diphosphate + phosphate
idnK,1,D-gluconate kinase; thermosensitive; thermostable,ATP + D-gluconate  ->  ADP + D-gluconate 6-phosphate + H+
ileS,5,isoleucine&mdash; lysine&mdash; methionine&mdash; tRNA ligase; valine&mdash,L-homocysteine + ATP  ->  L-homocysteine thiolactone + AMP + diphosphate || L-homocysteine + ATP + H+  ->  (L-homocysteinyl)adenylate + diphosphate || L-isoleucine + ATP + H+  ->  (L-isoleucyl)adenylate + diphosphate || L-valine + ATP + H+  ->  (L-valyl)adenylate + diphosphate || tRNAIle + L-isoleucine + ATP  ->  L-isoleucyl-[tRNAIle] + AMP + diphosphate
ispE,1,4-(cytidine 5'-diphospho)-2-C-methyl-D-erythritol kinase,4-(cytidine 5'-diphospho)-2-C-methyl-D-erythritol + ATP  ->  2-phospho-4-(cytidine 5'-diphospho)-2-C-methyl-D-erythritol + ADP + H+
kdgK,1,2-dehydro-3-deoxygluconokinase,2-dehydro-3-deoxy-D-gluconate + ATP  ->  2-dehydro-3-deoxy-D-gluconate 6-phosphate + ADP + H+
kdpD,2,bifunctional sensor histidine kinase PhoQ; high-affinity pyruvate receptor; histidine kinase GlrK; histidine kinase RcsC; protein histidine kinase NtrB; sensor histidine kinase ArcB; sensor histidine kinase AtoS; sensor histidine kinase BaeS; sensor histidine kinase BarA; sensor histidine kinase BasS; sensor histidine kinase CreC; sensor histidine kinase DcuS; sensor histidine kinase DpiB; sensor histidine kinase EnvZ; sensor histidine kinase EvgS; sensor histidine kinase HprS; sensor histidine kinase NarQ; sensor histidine kinase NarX; sensor histidine kinase PhoR; sensor histidine kinase PyrS; sensor histidine kinase QseC; sensor histidine kinase RstB; sensor histidine kinase TorS; sensor histidine kinase UhpB; sensor histidine kinase ZraS; serine histidine kinase KdpD,a [K+ transporting P-type ATPase KdpB subunit]-L-serine + ATP  ->  a [K+ transporting P-type ATPase KdpB subunit]-O-phospho-L-serine + ADP + H+ || a [protein]-L-histidine + ATP  ->  a [protein]-N-phospho-L-histidine + ADP + H+
leuS,3,leucine&mdash; tRNA ligase,L-leucine + ATP + H+  ->  (L-leucyl)adenylate + diphosphate || L-norvaline + ATP + H+  ->  (L-norvalyl)adenylate + diphosphate || tRNALeu + L-leucine + ATP  ->  L-leucyl-[tRNALeu] + AMP + diphosphate
lhr,1,ATP-dependent helicase; DNA repair helicase RadD; redox-responsive ATPase YchF; uracil glycosylase Lhr,ATP + H2O  ->  ADP + phosphate + H+
lplA,4,lipoate&mdash; protein ligase A,ATP + (R)-lipoate + H+  ->  [(R)-lipoyl]adenylate + diphosphate || a [lipoyl-carrier protein]-L-lysine + ATP + (R)-lipoate  ->  a [lipoyl-carrier protein]-N6-[(R)-lipoyl]-L-lysine + AMP + diphosphate + H+ || a [lipoyl-carrier protein]-L-lysine + octanoate + ATP  ->  a [lipoyl-carrier protein] N6-octanoyl-L-lysine + AMP + diphosphate + H+ || octanoate + ATP + H+  ->  (octanoyl)adenylate + diphosphate
lpxK,1,tetraacyldisaccharide 4'-kinase,lipid A disaccharide (E. coli) + ATP  ->  lipid IVA (E. coli) + ADP + H+
lsrK,1,autoinducer-2 kinase,"(4S)-4,5-dihydroxypentane-2,3-dione + ATP  ->  (2S)-2-hydroxy-3,4-dioxopentyl phosphate + ADP + H+"
lysC,1,aspartate kinase III; fused aspartate kinase; homoserine dehydrogenase 1; homoserine dehydrogenase 2,L-aspartate + ATP  ->  L-aspartyl-4-phosphate + ADP
lysS,2,constitutive; lysine&mdash; tRNA ligase,L-lysine + ATP + H+  ->  (L-lysyl)adenylate + diphosphate || L-lysine + tRNALys + ATP  ->  L-lysyl-[tRNALys] + AMP + diphosphate
lysU,10,2; 3-dihydroxybenzoate-[aryl-carrier protein] ligase; constitutive; isoleucine&mdash; lysine&mdash; methionine&mdash; tRNA ligase; valine&mdash,"2 ATP + H+  ->  P1,P4-bis(5'-adenosyl) tetraphosphate + diphosphate || ATP + ADP + H+  ->  P1,P3-bis(5'-adenosyl) triphosphate + diphosphate || L-homocysteine + ATP  ->  L-homocysteine thiolactone + AMP + diphosphate || L-homocysteine + ATP + H+  ->  (L-homocysteinyl)adenylate + diphosphate || L-homoserine + ATP  ->  L-homoserine lactone + AMP + diphosphate || L-homoserine + ATP + H+  ->  (L-homoseryl)adenylate + diphosphate || L-lysine + ATP + H+  ->  (L-lysyl)adenylate + diphosphate || L-lysine + tRNALys + ATP  ->  L-lysyl-[tRNALys] + AMP + diphosphate || L-ornithine + ATP  ->  3-aminopiperidine-2-one + AMP + diphosphate + H+ || L-ornithine + ATP + H+  ->  (L-ornithyl)adenylate + diphosphate"
lyxK,2,L-xylulose kinase,3-dehydro-L-gulonate + ATP  ->  3-dehydro-L-gulonate 6-phosphate + ADP + H+ || L-xylulose + ATP  ->  L-xylulose 5-phosphate + ADP + H+
mak,2,fructokinase,D-mannopyranose + ATP  ->  D-mannopyranose 6-phosphate + ADP + H+ || beta-D-fructofuranose + ATP  ->  beta-D-fructofuranose 6-phosphate + ADP + H+
menE,1,o-succinylbenzoate--CoA ligase,ATP + 2-succinylbenzoate + coenzyme A  ->  AMP + 4-(2'-carboxyphenyl)-4-oxobutyryl-CoA + diphosphate
metG,5,isoleucine&mdash; lysine&mdash; methionine&mdash; tRNA ligase; valine&mdash,L-homocysteine + ATP  ->  L-homocysteine thiolactone + AMP + diphosphate || L-homocysteine + ATP + H+  ->  (L-homocysteinyl)adenylate + diphosphate || L-methionine + ATP + H+  ->  (L-methionyl)adenylate + diphosphate || elongator tRNAMet + L-methionine + ATP  ->  L-methionyl-[elongator tRNAMet] + AMP + diphosphate || initiator tRNAMet + L-methionine + ATP  ->  L-methionyl-[initiator tRNAMet] + AMP + diphosphate
metK,1,methionine adenosyltransferase,ATP + L-methionine + H2O  ->  S-adenosyl-L-methionine + phosphate + diphosphate
metL,1,aspartate kinase III; fused aspartate kinase; homoserine dehydrogenase 1; homoserine dehydrogenase 2,L-aspartate + ATP  ->  L-aspartyl-4-phosphate + ADP
mnmA,1,tRNA-specific 2-thiouridylase,a uridine34 in tRNA + a [tRNA-uridine 2-sulfurtransferase]-S-sulfanyl-L-cysteine + ATP + reduced two electron carrier  ->  a 2-thiouridine34 in tRNA + a [tRNA-uridine 2-sulfurtransferase]-L-cysteine + AMP + oxidized electron carrier + diphosphate + H+
moaD,1,molybdopterin synthase adenylyltransferase; sulfur transferase,molybdopterin synthase sulfur carrier subunit + ATP + H+  ->  carboxy-adenylated [molybdopterin-synthase sulfur-carrier protein subunit] + diphosphate
moeB,1,molybdopterin synthase adenylyltransferase; sulfur transferase,molybdopterin synthase sulfur carrier subunit + ATP + H+  ->  carboxy-adenylated [molybdopterin-synthase sulfur-carrier protein subunit] + diphosphate
mogA,1,molybdopterin adenylyltransferase,ATP + molybdopterin + H+  ->  adenylyl-molybdopterin + diphosphate
mpl,2,-D-glutamyl-<i>meso<; 6-diaminoheptanedioate ligase; L-alanyl-&gamma; UDP-<i>N<; i>-2; i>-acetylmuramate&mdash,"UDP-N-acetyl-alpha-D-muramate + L-alanyl-gamma-D-glutamyl-meso-2,6-diaminopimeloyl-D-alanine + ATP  ->  UDP-MurNAc-L-Ala-gamma-D-Glu-meso-DAP-D-Ala + ADP + phosphate + H+ || UDP-N-acetyl-alpha-D-muramate + L-alanyl-gamma-D-glutamyl-meso-diaminopimelate + ATP  ->  UDP-MurNAc-L-Ala-gamma-D-Glu-meso-DAP + ADP + phosphate + H+"
murC,1,L-alanine ligase; UDP-<i>N<; i>-acetylmuramate&mdash,L-alanine + UDP-N-acetyl-alpha-D-muramate + ATP  ->  UDP-N-acetyl-alpha-D-muramoyl-L-alanine + ADP + phosphate + H+
murD,1,D-glutamate ligase; UDP-<i>N<; i>-acetylmuramoyl-L-alanine&mdash,D-glutamate + UDP-N-acetyl-alpha-D-muramoyl-L-alanine + ATP  ->  UDP-N-acetyl-alpha-D-muramoyl-L-alanyl-D-glutamate + ADP + phosphate + H+
murE,1,6-diaminopimelate ligase; UDP-N-acetylmuramoyl-L-alanyl-D-glutamate--2,meso-diaminopimelate + UDP-N-acetyl-alpha-D-muramoyl-L-alanyl-D-glutamate + ATP  ->  UDP-MurNAc-L-Ala-gamma-D-Glu-meso-DAP + ADP + phosphate + H+
nadD,1,nicotinate-nucleotide adenylyltransferase,ATP + beta-nicotinate D-ribonucleotide + H+  ->  nicotinate adenine dinucleotide + diphosphate
nadE,1,NH<sub>3<; sub>-dependent NAD<sup>+<; sup> synthetase,ammonium + ATP + nicotinate adenine dinucleotide  ->  AMP + NAD+ + diphosphate + H+
nadK,1,NAD kinase,ATP + NAD+  ->  ADP + NADP+ + H+
nadR,2,DNA-binding transcriptional repressor; NMN adenylyltransferase NadR,1-(beta-D ribofuranosyl)nicotinamide + ATP  ->  beta-nicotinamide D-ribonucleotide + ADP + H+ || beta-nicotinamide D-ribonucleotide + ATP + H+  ->  NAD+ + diphosphate
nagK,1,<i>N<; i>-acetyl-D-glucosamine kinase,N-acetyl-D-glucosamine + ATP  ->  N-acetyl-D-glucosamine 6-phosphate + ADP + H+
nanK,1,<i>N<; i>-acetylmannosamine kinase,N-acetyl-D-mannosamine + ATP  ->  N-acetyl-D-mannosamine 6-phosphate + ADP + H+
narQ,1,bifunctional sensor histidine kinase PhoQ; high-affinity pyruvate receptor; histidine kinase GlrK; histidine kinase RcsC; protein histidine kinase NtrB; sensor histidine kinase ArcB; sensor histidine kinase AtoS; sensor histidine kinase BaeS; sensor histidine kinase BarA; sensor histidine kinase BasS; sensor histidine kinase CreC; sensor histidine kinase DcuS; sensor histidine kinase DpiB; sensor histidine kinase EnvZ; sensor histidine kinase EvgS; sensor histidine kinase HprS; sensor histidine kinase NarQ; sensor histidine kinase NarX; sensor histidine kinase PhoR; sensor histidine kinase PyrS; sensor histidine kinase QseC; sensor histidine kinase RstB; sensor histidine kinase TorS; sensor histidine kinase UhpB; sensor histidine kinase ZraS; serine histidine kinase KdpD,a [protein]-L-histidine + ATP  ->  a [protein]-N-phospho-L-histidine + ADP + H+
narX,1,bifunctional sensor histidine kinase PhoQ; high-affinity pyruvate receptor; histidine kinase GlrK; histidine kinase RcsC; protein histidine kinase NtrB; sensor histidine kinase ArcB; sensor histidine kinase AtoS; sensor histidine kinase BaeS; sensor histidine kinase BarA; sensor histidine kinase BasS; sensor histidine kinase CreC; sensor histidine kinase DcuS; sensor histidine kinase DpiB; sensor histidine kinase EnvZ; sensor histidine kinase EvgS; sensor histidine kinase HprS; sensor histidine kinase NarQ; sensor histidine kinase NarX; sensor histidine kinase PhoR; sensor histidine kinase PyrS; sensor histidine kinase QseC; sensor histidine kinase RstB; sensor histidine kinase TorS; sensor histidine kinase UhpB; sensor histidine kinase ZraS; serine histidine kinase KdpD,a [protein]-L-histidine + ATP  ->  a [protein]-N-phospho-L-histidine + ADP + H+
ndk,9,adenylate kinase; nucleoside diphosphate kinase,CDP + ATP  ->  CTP + ADP || GDP + ATP  ->  GTP + ADP || UDP + ATP  ->  UTP + ADP || a nucleoside diphosphate + ATP  ->  a nucleoside triphosphate + ADP || dADP + ATP  ->  dATP + ADP || dCDP + ATP  ->  dCTP + ADP || dGDP + ATP  ->  dGTP + ADP || dTDP + ATP  ->  dTTP + ADP || dUDP + ATP  ->  dUTP + ADP
nrdD,1,anaerobic ribonucleoside-triphosphate reductase,formate + ATP + H+  ->  CO2 + dATP + H2O
paaK,1,phenylacetate-CoA ligase,coenzyme A + phenylacetate + ATP  ->  phenylacetyl-CoA + AMP + diphosphate
panC,1,pantothenate synthetase,beta-alanine + (R)-pantoate + ATP  ->  (R)-pantothenate + AMP + diphosphate + H+
pck,1,phosphoenolpyruvate carboxykinase (ATP),oxaloacetate + ATP  <-->  CO2 + phosphoenolpyruvate + ADP
pdxK,5,bifunctional hydroxymethylpyrimidine kinase; hydroxymethylpyrimidine kinase; phosphomethylpyrimidine kinase; pyridoxal kinase 1; pyridoxal kinase 2,ATP + 4-amino-2-methyl-5-pyrimidinemethanol  ->  ADP + 4-amino-2-methyl-5-(phosphooxymethyl)pyrimidine + H+ || ATP + 4-deoxypyridoxine  ->  ADP + 4-deoxypyridoxine 5'-phosphate + H+ || ATP + pyridoxal  ->  ADP + pyridoxal 5'-phosphate + H+ || ATP + pyridoxamine  ->  ADP + pyridoxamine 5'-phosphate + H+ || ATP + pyridoxine  ->  ADP + pyridoxine 5'-phosphate + H+
pdxY,1,hydroxymethylpyrimidine kinase; pyridoxal kinase 1; pyridoxal kinase 2,ATP + pyridoxal  ->  ADP + pyridoxal 5'-phosphate + H+
pfkA,2,6-phosphofructokinase 1; 6-phosphofructokinase 2,"D-sedoheptulose 7-phosphate + ATP  ->  D-sedoheptulose 1,7-bisphosphate + ADP + H+ || beta-D-fructofuranose 6-phosphate + ATP  ->  ADP + beta-D-fructofuranose 1,6-bisphosphate + H+"
pfkB,2,6-phosphofructokinase 1; 6-phosphofructokinase 2,"D-tagatofuranose 6-phosphate + ATP  ->  D-tagatofuranose 1,6-bisphosphate + ADP + H+ || beta-D-fructofuranose 6-phosphate + ATP  ->  ADP + beta-D-fructofuranose 1,6-bisphosphate + H+"
pgk,1,phosphoglycerate kinase,3-phospho-D-glycerate + ATP  <-->  3-phospho-D-glyceroyl phosphate + ADP
pheS,3,phenylalanine&mdash; tRNA ligase; tyrosine&mdash,L-phenylalanine + ATP + H+  ->  (L-phenylalanyl)adenylate + diphosphate || L-tyrosine + ATP + H+  ->  (L-tryrosyl)adenylate + diphosphate || tRNAPhe + L-phenylalanine + ATP  ->  L-phenylalanyl-[tRNAPhe] + AMP + diphosphate
pheT,3,phenylalanine&mdash; tRNA ligase; tyrosine&mdash,L-phenylalanine + ATP + H+  ->  (L-phenylalanyl)adenylate + diphosphate || L-tyrosine + ATP + H+  ->  (L-tryrosyl)adenylate + diphosphate || tRNAPhe + L-phenylalanine + ATP  ->  L-phenylalanyl-[tRNAPhe] + AMP + diphosphate
phnI,2,carbon-phosphorus lyase core complex subunit PhnI,(acetamidomethyl)phosphonate + ATP  ->  alpha-D-ribose 1-(acetamidomethylphosphonate) 5-triphosphate + adenine || methylphosphonate + ATP  ->  alpha-D-ribose-1-methylphosphonate-5-triphosphate + adenine
phnN,1,5-bisphosphate phosphokinase; ribose 1,"alpha-D-ribose 1,5-bisphosphate + ATP  <-->  5-phospho-alpha-D-ribose 1-diphosphate + ADP"
phoQ,1,bifunctional sensor histidine kinase PhoQ; high-affinity pyruvate receptor; histidine kinase GlrK; histidine kinase RcsC; protein histidine kinase NtrB; sensor histidine kinase ArcB; sensor histidine kinase AtoS; sensor histidine kinase BaeS; sensor histidine kinase BarA; sensor histidine kinase BasS; sensor histidine kinase CreC; sensor histidine kinase DcuS; sensor histidine kinase DpiB; sensor histidine kinase EnvZ; sensor histidine kinase EvgS; sensor histidine kinase HprS; sensor histidine kinase NarQ; sensor histidine kinase NarX; sensor histidine kinase PhoR; sensor histidine kinase PyrS; sensor histidine kinase QseC; sensor histidine kinase RstB; sensor histidine kinase TorS; sensor histidine kinase UhpB; sensor histidine kinase ZraS; serine histidine kinase KdpD,a [protein]-L-histidine + ATP  ->  a [protein]-N-phospho-L-histidine + ADP + H+
phoR,1,bifunctional sensor histidine kinase PhoQ; high-affinity pyruvate receptor; histidine kinase GlrK; histidine kinase RcsC; protein histidine kinase NtrB; sensor histidine kinase ArcB; sensor histidine kinase AtoS; sensor histidine kinase BaeS; sensor histidine kinase BarA; sensor histidine kinase BasS; sensor histidine kinase CreC; sensor histidine kinase DcuS; sensor histidine kinase DpiB; sensor histidine kinase EnvZ; sensor histidine kinase EvgS; sensor histidine kinase HprS; sensor histidine kinase NarQ; sensor histidine kinase NarX; sensor histidine kinase PhoR; sensor histidine kinase PyrS; sensor histidine kinase QseC; sensor histidine kinase RstB; sensor histidine kinase TorS; sensor histidine kinase UhpB; sensor histidine kinase ZraS; serine histidine kinase KdpD,a [protein]-L-histidine + ATP  ->  a [protein]-N-phospho-L-histidine + ADP + H+
pncB,1,nicotinate phosphoribosyltransferase,nicotinate + 5-phospho-alpha-D-ribose 1-diphosphate + ATP + H2O  ->  beta-nicotinate D-ribonucleotide + ADP + diphosphate + phosphate
ppk,1,polyphosphate kinase,ATP + (polyphosphate)(n)  <-->  ADP + (polyphosphate)(n+1)
ppsA,1,phosphoenolpyruvate synthetase,pyruvate + ATP + H2O  <-->  phosphoenolpyruvate + AMP + phosphate + 2 H+
proB,1,glutamate 5-kinase,L-glutamate + ATP  ->  gamma-L-glutamyl 5-phosphate + ADP
proS,4,DNA-binding transcriptional repressor; alanine&mdash; cysteine&mdash; proline&mdash; tRNA ligase,L-alanine + ATP + H+  ->  (L-alanyl)adenylate + diphosphate || L-cysteine + ATP + H+  ->  (L-cysteinyl)adenylate + diphosphate || L-proline + ATP + H+  ->  (L-prolyl)adenylate + diphosphate || tRNAPro + L-proline + ATP  ->  L-prolyl-[tRNAPro] + AMP + diphosphate
prpE,1,acetyl-CoA synthetase (AMP-forming); propionyl-CoA synthetase,coenzyme A + propanoate + ATP  ->  propanoyl-CoA + AMP + diphosphate
prs,1,ribose-phosphate diphosphokinase,D-ribose 5-phosphate + ATP  ->  5-phospho-alpha-D-ribose 1-diphosphate + AMP + H+
psuK,1,putative pseudouridine kinase,pseudouridine + ATP  ->  pseudouridine 5'-phosphate + ADP + H+
purC,1,phosphoribosylaminoimidazole-succinocarboxamide synthase,ATP + 5-amino-1-(5-phospho-D-ribosyl)imidazole-4-carboxylate + L-aspartate  ->  ADP + 5'-phosphoribosyl-4-(N-succinocarboxamide)-5-aminoimidazole + phosphate + H+
purD,1,phosphoribosylamine--glycine ligase,ATP + 5-phospho-beta-D-ribosylamine + glycine  ->  ADP + N1-(5-phospho-beta-D-ribosyl)glycinamide + phosphate + H+
purK,1,5-(carboxyamino)imidazole ribonucleotide synthase,5-amino-1-(5-phospho-beta-D-ribosyl)imidazole + ATP + hydrogen carbonate  ->  N5-carboxyaminoimidazole ribonucleotide + ADP + phosphate + 2 H+
purL,1,phosphoribosylformylglycinamide synthetase,ATP + N2-formyl-N1-(5-phospho-beta-D-ribosyl)glycinamide + L-glutamine + H2O  ->  ADP + 2-(formamido)-N1-(5-phospho-beta-D-ribosyl)acetamidine + L-glutamate + phosphate + H+
purM,1,phosphoribosylformylglycinamide cyclo-ligase,ATP + 2-(formamido)-N1-(5-phospho-beta-D-ribosyl)acetamidine  ->  ADP + 5-amino-1-(5-phospho-beta-D-ribosyl)imidazole + phosphate + H+
purT,2,acetate kinase; phosphoribosylglycinamide formyltransferase 2,N1-(5-phospho-beta-D-ribosyl)glycinamide + formate + ATP  ->  N2-formyl-N1-(5-phospho-beta-D-ribosyl)glycinamide + ADP + phosphate + H+ || acetate + ATP  <-->  acetyl phosphate + ADP
puuA,1,glutamate-putrescine ligase,putrescine + L-glutamate + ATP  ->  gamma-glutamyl-L-putrescine + ADP + phosphate + H+
pxpA,1,5-oxoprolinase,5-oxo-L-proline + ATP + 2 H2O  ->  L-glutamate + ADP + phosphate + H+
pxpB,1,5-oxoprolinase,5-oxo-L-proline + ATP + 2 H2O  ->  L-glutamate + ADP + phosphate + H+
pxpC,1,5-oxoprolinase,5-oxo-L-proline + ATP + 2 H2O  ->  L-glutamate + ADP + phosphate + H+
pykA,1,pyruvate kinase 1; pyruvate kinase 2,pyruvate + ATP  <-  ADP + phosphoenolpyruvate + H+
pykF,1,pyruvate kinase 1; pyruvate kinase 2,pyruvate + ATP  <-  ADP + phosphoenolpyruvate + H+
pyrG,2,CTP synthetase,ATP + UTP + L-glutamine + H2O  ->  ADP + CTP + L-glutamate + phosphate + 2 H+ || ATP + UTP + ammonia  ->  ADP + CTP + phosphate + H+
pyrH,1,UMP kinase,ATP + UMP  ->  ADP + UDP
pyrS,1,bifunctional sensor histidine kinase PhoQ; high-affinity pyruvate receptor; histidine kinase GlrK; histidine kinase RcsC; protein histidine kinase NtrB; sensor histidine kinase ArcB; sensor histidine kinase AtoS; sensor histidine kinase BaeS; sensor histidine kinase BarA; sensor histidine kinase BasS; sensor histidine kinase CreC; sensor histidine kinase DcuS; sensor histidine kinase DpiB; sensor histidine kinase EnvZ; sensor histidine kinase EvgS; sensor histidine kinase HprS; sensor histidine kinase NarQ; sensor histidine kinase NarX; sensor histidine kinase PhoR; sensor histidine kinase PyrS; sensor histidine kinase QseC; sensor histidine kinase RstB; sensor histidine kinase TorS; sensor histidine kinase UhpB; sensor histidine kinase ZraS; serine histidine kinase KdpD,a [protein]-L-histidine + ATP  ->  a [protein]-N-phospho-L-histidine + ADP + H+
qseC,1,bifunctional sensor histidine kinase PhoQ; high-affinity pyruvate receptor; histidine kinase GlrK; histidine kinase RcsC; protein histidine kinase NtrB; sensor histidine kinase ArcB; sensor histidine kinase AtoS; sensor histidine kinase BaeS; sensor histidine kinase BarA; sensor histidine kinase BasS; sensor histidine kinase CreC; sensor histidine kinase DcuS; sensor histidine kinase DpiB; sensor histidine kinase EnvZ; sensor histidine kinase EvgS; sensor histidine kinase HprS; sensor histidine kinase NarQ; sensor histidine kinase NarX; sensor histidine kinase PhoR; sensor histidine kinase PyrS; sensor histidine kinase QseC; sensor histidine kinase RstB; sensor histidine kinase TorS; sensor histidine kinase UhpB; sensor histidine kinase ZraS; serine histidine kinase KdpD,a [protein]-L-histidine + ATP  ->  a [protein]-N-phospho-L-histidine + ADP + H+
queC,3,7-cyano-7-deazaguanine synthase,"7-carboxy-7-deazaguanine + ammonium + 2 ATP  ->  preQ0 + 2 AMP + 2 diphosphate + 2 H+ || ATP + 7-amido-7-deazaguanine  ->  2-amino-4-oxo-3H,4H,7H-pyrrolo[2,3-d]pyrimidine-5-carboximidyl-adenylate + diphosphate || ATP + 7-carboxy-7-deazaguanine + H+  ->  2-amino-4-oxo-3H,4H,7H-pyrrolo[2,3-d]pyrimidine-5-carboxyadenylate + diphosphate"
radD,1,ATP-dependent helicase; DNA repair helicase RadD; redox-responsive ATPase YchF; uracil glycosylase Lhr,ATP + H2O  ->  ADP + phosphate + H+
rbsK,1,ribokinase,D-ribofuranose + ATP  ->  D-ribofuranose 5-phosphate + ADP + H+
rcsC,1,bifunctional sensor histidine kinase PhoQ; high-affinity pyruvate receptor; histidine kinase GlrK; histidine kinase RcsC; protein histidine kinase NtrB; sensor histidine kinase ArcB; sensor histidine kinase AtoS; sensor histidine kinase BaeS; sensor histidine kinase BarA; sensor histidine kinase BasS; sensor histidine kinase CreC; sensor histidine kinase DcuS; sensor histidine kinase DpiB; sensor histidine kinase EnvZ; sensor histidine kinase EvgS; sensor histidine kinase HprS; sensor histidine kinase NarQ; sensor histidine kinase NarX; sensor histidine kinase PhoR; sensor histidine kinase PyrS; sensor histidine kinase QseC; sensor histidine kinase RstB; sensor histidine kinase TorS; sensor histidine kinase UhpB; sensor histidine kinase ZraS; serine histidine kinase KdpD,a [protein]-L-histidine + ATP  ->  a [protein]-N-phospho-L-histidine + ADP + H+
relA,2,GDP; GTP pyrophosphokinase; bifunctional (p)ppGpp synthase; hydrolase SpoT,ATP + GDP  ->  AMP + ppGpp + H+ || GTP + ATP  ->  pppGpp + AMP + H+
rhaB,1,rhamnulokinase,L-rhamnulofuranose + ATP  ->  L-rhamnulose 1-phosphate + ADP + H+
ribF,2,FMN adenylyltransferase; bifunctional riboflavin kinase,ATP + FMN + H+  <-->  FAD + diphosphate || ATP + riboflavin  ->  ADP + FMN + H+
rimK,1,ribosomal protein S6 modification protein,a [protein] C-terminal L-glutamate + L-glutamate + ATP  ->  a [protein] C-terminal alpha-L-glutamate-alpha-L-glutamate + ADP + phosphate + H+
rstB,1,bifunctional sensor histidine kinase PhoQ; high-affinity pyruvate receptor; histidine kinase GlrK; histidine kinase RcsC; protein histidine kinase NtrB; sensor histidine kinase ArcB; sensor histidine kinase AtoS; sensor histidine kinase BaeS; sensor histidine kinase BarA; sensor histidine kinase BasS; sensor histidine kinase CreC; sensor histidine kinase DcuS; sensor histidine kinase DpiB; sensor histidine kinase EnvZ; sensor histidine kinase EvgS; sensor histidine kinase HprS; sensor histidine kinase NarQ; sensor histidine kinase NarX; sensor histidine kinase PhoR; sensor histidine kinase PyrS; sensor histidine kinase QseC; sensor histidine kinase RstB; sensor histidine kinase TorS; sensor histidine kinase UhpB; sensor histidine kinase ZraS; serine histidine kinase KdpD,a [protein]-L-histidine + ATP  ->  a [protein]-N-phospho-L-histidine + ADP + H+
rtcA,1,RNA 3'-terminal phosphate cyclase,ATP + an [RNA 3'-phosphate cyclase]-L-histidine  ->  an [RNA 3'-phosphate cyclase]-Ntau-(5'-adenylyl)-L-histidine + diphosphate
selD,1,selenide; water dikinase,selenide + ATP + H2O  ->  selenophosphate + AMP + phosphate
selO,1,protein adenylyltransferase SelO,a [protein]-(L-serine/L-threonine) + ATP  ->  an O-(5'-adenylyl)-L-serine/L-threonine-[protein] + diphosphate
serS,3,2; 3-dihydroxybenzoate-[aryl-carrier protein] ligase; <i>holo<; DNA-binding transcriptional repressor; alanine&mdash; holo [EntF peptidyl-carrier protein]; holo-EntB dimer; i> [EntF peptidyl-carrier protein]; phosphopantetheinyl transferase EntD; serine&mdash; tRNA ligase; threonine&mdash,L-serine + ATP + H+  ->  (L-seryl)adenylate + diphosphate || tRNAsec + L-serine + ATP  ->  L-seryl-[tRNAsec] + AMP + diphosphate || tRNAser + L-serine + ATP  ->  L-seryl-[tRNAser] + AMP + diphosphate
spoT,1,GDP; GTP pyrophosphokinase; bifunctional (p)ppGpp synthase; hydrolase SpoT,ATP + GDP  ->  AMP + ppGpp + H+
srkA,1,protein kinase YeaG; stress response kinase A,a [protein]-(L-serine/L-threonine) + ATP  ->  a [protein] (L-serine/L-threonine) phosphate + ADP + H+
sucC,1,succinyl-CoA synthetase subunit alpha; succinyl-CoA synthetase subunit beta,succinate + coenzyme A + ATP  <-->  succinyl-CoA + ADP + phosphate
sucD,1,succinyl-CoA synthetase subunit alpha; succinyl-CoA synthetase subunit beta,succinate + coenzyme A + ATP  <-->  succinyl-CoA + ADP + phosphate
tcdA,1,tRNA threonylcarbamoyladenosine dehydratase,an N6-L-threonylcarbamoyladenine37 in tRNA + ATP  ->  a cyclic N6-L-threonylcarbamoyladenosine 37 in tRNA + ADP + phosphate
tdcD,1,acetate kinase; propionate kinase,ATP + propanoate  <-->  ADP + propanoyl phosphate
tdk,2,deoxyuridine kinase; thymidine,2'-deoxyuridine + ATP  ->  dUMP + ADP + H+ || thymidine + ATP  ->  dTMP + ADP + H+
thiD,2,bifunctional hydroxymethylpyrimidine kinase; hydroxymethylpyrimidine kinase; phosphomethylpyrimidine kinase; pyridoxal kinase 1,4-amino-2-methyl-5-(phosphooxymethyl)pyrimidine + ATP  ->  4-amino-2-methyl-5-(diphosphooxymethyl)pyrimidine + ADP || ATP + 4-amino-2-methyl-5-pyrimidinemethanol  ->  ADP + 4-amino-2-methyl-5-(phosphooxymethyl)pyrimidine + H+
thiF,1,sulfur carrier protein ThiS adenylyltransferase,[ThiS sulfur-carrier protein] + ATP + H+  ->  carboxy-adenylated-[ThiS sulfur-carrier protein] + diphosphate
thiK,1,thiamine kinase,thiamine + ATP  ->  thiamine phosphate + ADP + H+
thiL,1,thiamine monophosphate kinase,thiamine phosphate + ATP  ->  ADP + thiamine diphosphate
thiM,3,hydroxyethylthiazole kinase,"ATP + 5-(2-hydroxyethyl)-4-methyl-1,3-thiazole-2-carboxylate  ->  2-(2-carboxy-4-methylthiazol-5-yl)ethyl phosphate + ADP + H+ || ATP + 5-(2-hydroxyethyl)-4-methylthiazole  ->  ADP + 4-methyl-5-(2-phosphooxyethyl)thiazole + H+ || prenol + ATP  ->  prenyl phosphate + ADP + H+"
thrA,1,aspartate kinase III; fused aspartate kinase; homoserine dehydrogenase 1; homoserine dehydrogenase 2,L-aspartate + ATP  ->  L-aspartyl-4-phosphate + ADP
thrB,2,homoserine kinase,4-hydroxy-L-threonine + ATP  ->  4-phosphooxy-L-threonine + ADP + H+ || L-homoserine + ATP  ->  O-phospho-L-homoserine + ADP + H+
thrS,3,2; 3-dihydroxybenzoate-[aryl-carrier protein] ligase; <i>holo<; DNA-binding transcriptional repressor; alanine&mdash; holo [EntF peptidyl-carrier protein]; holo-EntB dimer; i> [EntF peptidyl-carrier protein]; phosphopantetheinyl transferase EntD; serine&mdash; tRNA ligase; threonine&mdash; valine&mdash,L-serine + ATP + H+  ->  (L-seryl)adenylate + diphosphate || L-threonine + ATP + H+  ->  (L-threonyl)adenylate + diphosphate || tRNAThr + L-threonine + ATP  ->  L-threonyl-[tRNAThr] + AMP + diphosphate
tilS,1,tRNAIle-lysidine synthetase,a cytidine34 in tRNAIle2 + L-lysine + ATP  ->  a lysidine34 in tRNAIle2 + AMP + diphosphate + 2 H+
tmcA,1,sup> cytidine acetyltransferase; tRNA<sup>Met<,a cytidine34 in [elongator tRNAmet] + ATP + acetyl-CoA + H2O  ->  an N4-acetylcytidine34 in [elongator tRNAmet] + ADP + coenzyme A + phosphate + H+
tmk,1,dTMP kinase,dTMP + ATP  ->  dTDP + ADP
torS,1,bifunctional sensor histidine kinase PhoQ; high-affinity pyruvate receptor; histidine kinase GlrK; histidine kinase RcsC; protein histidine kinase NtrB; sensor histidine kinase ArcB; sensor histidine kinase AtoS; sensor histidine kinase BaeS; sensor histidine kinase BarA; sensor histidine kinase BasS; sensor histidine kinase CreC; sensor histidine kinase DcuS; sensor histidine kinase DpiB; sensor histidine kinase EnvZ; sensor histidine kinase EvgS; sensor histidine kinase HprS; sensor histidine kinase NarQ; sensor histidine kinase NarX; sensor histidine kinase PhoR; sensor histidine kinase PyrS; sensor histidine kinase QseC; sensor histidine kinase RstB; sensor histidine kinase TorS; sensor histidine kinase UhpB; sensor histidine kinase ZraS; serine histidine kinase KdpD,a [protein]-L-histidine + ATP  ->  a [protein]-N-phospho-L-histidine + ADP + H+
trpS,3,tRNA ligase; tryptophan&mdash,D-tryptophan + ATP + H+  ->  (D-tryptophanyl)adenylate + diphosphate || L-tryptophan + ATP + H+  ->  (L-tryptophanyl)adenylate + diphosphate || L-tryptophan + tRNATrp + ATP  ->  L-tryptophanyl-[tRNATrp] + AMP + diphosphate
tsaC,1,L-threonylcarbamoyladenylate synthase,L-threonine + hydrogen carbonate + ATP  <-->  (L-threonylcarbamoyl)adenylate + diphosphate + H2O
tyrS,3,phenylalanine&mdash; tRNA ligase; tyrosine&mdash,D-tyrosine + ATP + H+  ->  (D-tyrosyl)adenylate + diphosphate || L-tyrosine + ATP + H+  ->  (L-tryrosyl)adenylate + diphosphate || tRNATyr + L-tyrosine + ATP  ->  L-tyrosyl-[tRNATyr] + AMP + diphosphate
udk,2,cytidine kinase; uridine,cytidine + ATP  ->  CMP + ADP + H+ || uridine + ATP  ->  UMP + ADP + H+
uhpB,1,bifunctional sensor histidine kinase PhoQ; high-affinity pyruvate receptor; histidine kinase GlrK; histidine kinase RcsC; protein histidine kinase NtrB; sensor histidine kinase ArcB; sensor histidine kinase AtoS; sensor histidine kinase BaeS; sensor histidine kinase BarA; sensor histidine kinase BasS; sensor histidine kinase CreC; sensor histidine kinase DcuS; sensor histidine kinase DpiB; sensor histidine kinase EnvZ; sensor histidine kinase EvgS; sensor histidine kinase HprS; sensor histidine kinase NarQ; sensor histidine kinase NarX; sensor histidine kinase PhoR; sensor histidine kinase PyrS; sensor histidine kinase QseC; sensor histidine kinase RstB; sensor histidine kinase TorS; sensor histidine kinase UhpB; sensor histidine kinase ZraS; serine histidine kinase KdpD,a [protein]-L-histidine + ATP  ->  a [protein]-N-phospho-L-histidine + ADP + H+
valS,5,isoleucine&mdash; lysine&mdash; methionine&mdash; tRNA ligase; threonine&mdash; valine&mdash,L-homocysteine + ATP  ->  L-homocysteine thiolactone + AMP + diphosphate || L-homocysteine + ATP + H+  ->  (L-homocysteinyl)adenylate + diphosphate || L-threonine + ATP + H+  ->  (L-threonyl)adenylate + diphosphate || L-valine + ATP + H+  ->  (L-valyl)adenylate + diphosphate || tRNAVal + L-valine + ATP  ->  L-valyl-[tRNAVal] + AMP + diphosphate
waaP,1,lipopolysaccharide core heptose (I) kinase,glucosyl-(heptosyl)2-Kdo2-lipid A + ATP  ->  glucosyl-(heptosyl)2-Kdo2-lipid A-phosphate + ADP + H+
waaY,1,lipopolysaccharide core heptose (II) kinase,glucosyl-(heptosyl)3-Kdo2-lipid A-phosphate (E. coli) + ATP  ->  glucosyl-(heptosyl)3-Kdo2-lipid A-bisphosphate (E. coli) + ADP + H+
wzc,1,protein-tyrosine kinase Etk; protein-tyrosine kinase Wzc,ATP + a [protein]-L-tyrosine  ->  ADP + a [protein]-L-tyrosine phosphate + H+
xylB,2,xylulokinase,ATP + 1-deoxy-D-xylulose  ->  1-deoxy-D-xylulose 5-phosphate + ADP + H+ || D-xylulose + ATP  ->  D-xylulose 5-phosphate + ADP + H+
ybdK,1,cysteine ligase; cysteine ligase 2; glutamate&mdash; putative glutamate&mdash,L-cysteine + L-glutamate + ATP  ->  gamma-L-glutamyl-L-cysteine + ADP + phosphate + H+
ycaO,1,nucleoside triphosphate pyrophosphohydrolase; ribosomal protein S12 methylthiotransferase accessory factor YcaO,ATP + H2O  ->  AMP + diphosphate + H+
ychF,1,ATP-dependent helicase; DNA repair helicase RadD; redox-responsive ATPase YchF; uracil glycosylase Lhr,ATP + H2O  ->  ADP + phosphate + H+
ydjH,1,L-glycero-L-galacto-octuluronate kinase,L-glycero-L-galacto-octuluronate + ATP  ->  L-glycero-L-galacto-octuluronate-1-phosphate + ADP + H+
yeaG,1,protein kinase YeaG; stress response kinase A,a [protein]-(L-serine/L-threonine) + ATP  ->  a [protein] (L-serine/L-threonine) phosphate + ADP + H+
yegS,1,lipid kinase YegS,a phosphatidylglycerol + ATP  ->  a phosphatidylglycerophosphate + ADP + H+
ygiC,1,peptide&mdash; spermidine ligase YgiC; spermidine ligase YjfC,spermidine + triglycine + ATP  ->  triglycylspermidine + ADP + phosphate + H+
yihV,1,6-deoxy-6-sulfofructose kinase,6-deoxy-6-sulfo-D-fructose + ATP  ->  6-deoxy-6-sulfo-D-fructose 1-phosphate + ADP + H+
yjfC,1,peptide&mdash; spermidine ligase YgiC; spermidine ligase YjfC,spermidine + triglycine + ATP  ->  triglycylspermidine + ADP + phosphate + H+
zraS,1,bifunctional sensor histidine kinase PhoQ; high-affinity pyruvate receptor; histidine kinase GlrK; histidine kinase RcsC; protein histidine kinase NtrB; sensor histidine kinase ArcB; sensor histidine kinase AtoS; sensor histidine kinase BaeS; sensor histidine kinase BarA; sensor histidine kinase BasS; sensor histidine kinase CreC; sensor histidine kinase DcuS; sensor histidine kinase DpiB; sensor histidine kinase EnvZ; sensor histidine kinase EvgS; sensor histidine kinase HprS; sensor histidine kinase NarQ; sensor histidine kinase NarX; sensor histidine kinase PhoR; sensor histidine kinase PyrS; sensor histidine kinase QseC; sensor histidine kinase RstB; sensor histidine kinase TorS; sensor histidine kinase UhpB; sensor histidine kinase ZraS; serine histidine kinase KdpD,a [protein]-L-histidine + ATP  ->  a [protein]-N-phospho-L-histidine + ADP + H+